﻿{
	"total": "21",
	"image": [
		{
			"filename": "0",
			"extension": ".png",
			"path": "src/img/brick/"
		},
		{
			"filename": "1",
			"extension": ".png",
			"path": "src/img/brick/"
		},
		{
			"filename": "2",
			"extension": ".png",
			"path": "src/img/brick/"
		},
		{
			"filename": "3",
			"extension": ".png",
			"path": "src/img/brick/"
		},
		{
			"filename": "4",
			"extension": ".png",
			"path": "src/img/brick/"
		},
		{
			"filename": "5",
			"extension": ".png",
			"path": "src/img/brick/"
		},
		{
			"filename": "6",
			"extension": ".png",
			"path": "src/img/brick/"
		},
		{
			"filename": "7",
			"extension": ".png",
			"path": "src/img/brick/"
		},
		{
			"filename": "8",
			"extension": ".png",
			"path": "src/img/brick/"
		},
		{
			"filename": "9",
			"extension": ".png",
			"path": "src/img/brick/"
		},
		{
			"filename": "10",
			"extension": ".png",
			"path": "src/img/brick/"
		},
		{
			"filename": "11",
			"extension": ".png",
			"path": "src/img/brick/"
		},
		{
			"filename": "12",
			"extension": ".png",
			"path": "src/img/brick/"
		},
		{
			"filename": "13",
			"extension": ".png",
			"path": "src/img/brick/"
		},
		{
			"filename": "14",
			"extension": ".png",
			"path": "src/img/brick/"
		},
		{
			"filename": "15",
			"extension": ".png",
			"path": "src/img/brick/"
		},
		{
			"filename": "16",
			"extension": ".png",
			"path": "src/img/brick/"
		},
		{
			"filename": "17",
			"extension": ".png",
			"path": "src/img/brick/"
		},
		{
			"filename": "18",
			"extension": ".png",
			"path": "src/img/brick/"
		},
		{
			"filename": "19",
			"extension": ".png",
			"path": "src/img/brick/"
		},
		{
			"filename": "20",
			"extension": ".png",
			"path": "src/img/brick/"
		}
	]
}